Request id,Pickup point,Driver id,Status,Request timestamp,Drop timestamp
5202,Airport,1,Cancelled,14-07-2016 20:51:37,NA
5927,City,1,Cancelled,15-07-2016 10:12:40,NA
3806,Airport,2,Cancelled,13-07-2016 20:57:49,NA
4451,City,2,Cancelled,14-07-2016 08:38:38,NA
5023,Airport,2,Cancelled,14-07-2016 19:04:08,NA
4383,City,3,Cancelled,14-07-2016 07:48:31,NA
3807,Airport,4,Cancelled,13-07-2016 20:58:00,NA
4280,City,4,Cancelled,14-07-2016 06:33:09,NA
4533,City,4,Cancelled,14-07-2016 09:31:08,NA
3230,City,5,Cancelled,13-07-2016 10:01:57,NA
4296,City,5,Cancelled,14-07-2016 06:39:26,NA
3059,City,6,Cancelled,13-07-2016 07:56:25,NA
5547,City,6,Cancelled,15-07-2016 05:30:31,NA
5699,City,6,Cancelled,15-07-2016 07:25:53,NA
5701,City,6,Cancelled,15-07-2016 07:34:00,NA
3184,City,7,Cancelled,13-07-2016 09:21:36,NA
4174,City,8,Cancelled,14-07-2016 05:19:59,NA
4335,City,8,Cancelled,14-07-2016 07:13:52,NA
2986,City,9,Cancelled,13-07-2016 07:04:48,NA
3549,City,9,Cancelled,13-07-2016 18:03:30,NA
4463,City,9,Cancelled,14-07-2016 08:43:07,NA
4178,City,10,Cancelled,14-07-2016 05:22:51,NA
4599,City,10,Cancelled,14-07-2016 10:08:43,NA
4667,Airport,10,Cancelled,14-07-2016 12:23:07,NA
3499,City,13,Cancelled,13-07-2016 17:46:24,NA
4467,City,13,Cancelled,14-07-2016 08:42:11,NA
2799,City,14,Cancelled,13-07-2016 04:59:16,NA
3822,Airport,14,Cancelled,13-07-2016 21:10:52,NA
4456,City,14,Cancelled,14-07-2016 08:32:41,NA
4685,Airport,14,Cancelled,14-07-2016 13:00:39,NA
2888,City,15,Cancelled,13-07-2016 05:57:46,NA
3138,City,16,Cancelled,13-07-2016 08:50:25,NA
3810,City,16,Cancelled,13-07-2016 21:06:22,NA
4580,City,16,Cancelled,14-07-2016 09:59:40,NA
5784,City,16,Cancelled,15-07-2016 08:34:59,NA
2883,City,17,Cancelled,13-07-2016 05:54:41,NA
4272,City,17,Cancelled,14-07-2016 06:23:43,NA
5621,City,17,Cancelled,15-07-2016 06:28:59,NA
5696,City,17,Cancelled,15-07-2016 07:32:18,NA
5662,City,18,Cancelled,15-07-2016 07:04:59,NA
2854,City,19,Cancelled,13-07-2016 05:37:28,NA
4968,City,19,Cancelled,14-07-2016 18:40:44,NA
3170,City,20,Cancelled,13-07-2016 09:09:56,NA
4586,City,20,Cancelled,14-07-2016 10:09:44,NA
5208,Airport,20,Cancelled,14-07-2016 20:55:57,NA
5472,City,20,Cancelled,15-07-2016 04:49:38,NA
2899,City,21,Cancelled,13-07-2016 05:59:57,NA
3166,City,21,Cancelled,13-07-2016 09:09:08,NA
4326,City,22,Cancelled,14-07-2016 07:08:58,NA
5723,City,22,Cancelled,15-07-2016 07:44:45,NA
3079,City,24,Cancelled,13-07-2016 08:13:10,NA
6249,Airport,24,Cancelled,15-07-2016 17:55:33,NA
4546,City,25,Cancelled,14-07-2016 09:34:22,NA
2913,City,26,Cancelled,13-07-2016 06:15:34,NA
3150,City,27,Cancelled,13-07-2016 08:59:46,NA
3217,City,27,Cancelled,13-07-2016 09:48:01,NA
4523,City,27,Cancelled,14-07-2016 09:22:12,NA
4593,City,27,Cancelled,14-07-2016 10:09:46,NA
5476,Airport,27,Cancelled,15-07-2016 04:45:54,NA
5477,City,27,Cancelled,15-07-2016 04:48:51,NA
5846,City,27,Cancelled,15-07-2016 09:05:17,NA
3073,City,28,Cancelled,13-07-2016 08:01:01,NA
4795,Airport,28,Cancelled,14-07-2016 16:55:27,NA
3179,City,29,Cancelled,13-07-2016 09:16:05,NA
5872,City,29,Cancelled,15-07-2016 09:20:22,NA
3307,City,30,Cancelled,13-07-2016 12:02:50,NA
3080,City,31,Cancelled,13-07-2016 08:11:13,NA
3771,Airport,31,Cancelled,13-07-2016 20:42:07,NA
5847,Airport,31,Cancelled,15-07-2016 09:05:38,NA
5875,City,31,Cancelled,15-07-2016 09:22:33,NA
2942,City,32,Cancelled,13-07-2016 06:37:29,NA
4418,City,32,Cancelled,14-07-2016 08:18:30,NA
5637,City,33,Cancelled,15-07-2016 06:44:12,NA
5838,City,33,Cancelled,15-07-2016 09:02:38,NA
4146,City,34,Cancelled,14-07-2016 04:52:26,NA
4242,City,34,Cancelled,14-07-2016 06:03:16,NA
4470,City,34,Cancelled,14-07-2016 08:47:12,NA
5754,City,35,Cancelled,15-07-2016 08:05:15,NA
5715,City,36,Cancelled,15-07-2016 07:42:16,NA
3130,City,37,Cancelled,13-07-2016 08:43:10,NA
4133,City,37,Cancelled,14-07-2016 04:45:57,NA
4419,City,37,Cancelled,14-07-2016 08:17:14,NA
4547,City,37,Cancelled,14-07-2016 09:39:53,NA
5613,City,37,Cancelled,15-07-2016 06:17:34,NA
4390,City,38,Cancelled,14-07-2016 08:01:16,NA
4545,City,38,Cancelled,14-07-2016 09:43:35,NA
4572,City,38,Cancelled,14-07-2016 09:52:32,NA
3008,City,39,Cancelled,13-07-2016 07:23:01,NA
4480,City,39,Cancelled,14-07-2016 08:46:34,NA
5713,City,39,Cancelled,15-07-2016 07:43:27,NA
5866,City,39,Cancelled,15-07-2016 09:19:04,NA
5945,Airport,39,Cancelled,15-07-2016 10:27:59,NA
3221,City,40,Cancelled,13-07-2016 09:55:14,NA
5583,City,40,Cancelled,15-07-2016 05:58:15,NA
2946,City,43,Cancelled,13-07-2016 06:34:48,NA
2970,City,44,Cancelled,13-07-2016 06:56:12,NA
4519,City,44,Cancelled,14-07-2016 09:23:01,NA
5830,City,44,Cancelled,15-07-2016 08:55:31,NA
5880,City,44,Cancelled,15-07-2016 09:38:50,NA
4312,City,45,Cancelled,14-07-2016 06:49:09,NA
4363,City,45,Cancelled,14-07-2016 07:29:23,NA
5716,City,45,Cancelled,15-07-2016 07:37:00,NA
5775,City,45,Cancelled,15-07-2016 08:24:01,NA
5300,Airport,47,Cancelled,14-07-2016 21:52:23,NA
6560,City,47,Cancelled,15-07-2016 21:05:03,NA
2926,City,48,Cancelled,13-07-2016 06:27:38,NA
4906,City,49,Cancelled,14-07-2016 18:03:24,NA
5473,City,50,Cancelled,15-07-2016 04:44:00,NA
5479,City,50,Cancelled,15-07-2016 04:50:42,NA
6228,City,50,Cancelled,15-07-2016 17:43:28,NA
2940,City,51,Cancelled,13-07-2016 06:35:21,NA
5780,City,51,Cancelled,15-07-2016 08:29:04,NA
4148,City,52,Cancelled,14-07-2016 04:57:22,NA
3727,Airport,53,Cancelled,13-07-2016 20:05:22,NA
4847,City,53,Cancelled,14-07-2016 17:37:48,NA
2809,City,54,Cancelled,13-07-2016 05:05:12,NA
2900,City,54,Cancelled,13-07-2016 06:01:55,NA
3022,City,54,Cancelled,13-07-2016 07:34:14,NA
3211,City,54,Cancelled,13-07-2016 09:48:34,NA
4356,City,54,Cancelled,14-07-2016 07:23:36,NA
6208,City,54,Cancelled,15-07-2016 17:27:11,NA
6571,City,54,Cancelled,15-07-2016 21:16:46,NA
4328,City,56,Cancelled,14-07-2016 07:07:46,NA
4757,Airport,56,Cancelled,14-07-2016 15:30:06,NA
3920,City,57,Cancelled,13-07-2016 22:16:51,NA
4401,City,57,Cancelled,14-07-2016 08:03:39,NA
2909,City,58,Cancelled,13-07-2016 06:10:59,NA
3015,City,58,Cancelled,13-07-2016 07:34:01,NA
4165,City,58,Cancelled,14-07-2016 05:07:32,NA
5410,City,58,Cancelled,15-07-2016 01:45:43,NA
4357,City,59,Cancelled,14-07-2016 07:31:35,NA
4560,City,59,Cancelled,14-07-2016 09:48:36,NA
5647,City,59,Cancelled,15-07-2016 06:51:10,NA
5704,City,59,Cancelled,15-07-2016 07:33:52,NA
2855,City,60,Cancelled,13-07-2016 05:35:47,NA
5565,City,60,Cancelled,15-07-2016 05:45:17,NA
4230,City,61,Cancelled,14-07-2016 05:50:10,NA
2992,City,62,Cancelled,13-07-2016 07:11:45,NA
3433,Airport,62,Cancelled,13-07-2016 16:01:28,NA
5536,City,62,Cancelled,15-07-2016 05:31:14,NA
2978,City,63,Cancelled,13-07-2016 06:54:58,NA
2983,City,63,Cancelled,13-07-2016 07:08:36,NA
3866,Airport,63,Cancelled,13-07-2016 21:40:55,NA
4491,City,63,Cancelled,14-07-2016 08:56:21,NA
4603,Airport,63,Cancelled,14-07-2016 10:22:45,NA
3450,Airport,64,Cancelled,13-07-2016 16:49:15,NA
4329,City,64,Cancelled,14-07-2016 07:08:40,NA
3261,Airport,65,Cancelled,13-07-2016 10:20:35,NA
3309,City,65,Cancelled,13-07-2016 11:59:21,NA
3666,City,65,Cancelled,13-07-2016 19:25:29,NA
6129,Airport,65,Cancelled,15-07-2016 15:36:17,NA
2931,City,66,Cancelled,13-07-2016 06:31:03,NA
6397,City,66,Cancelled,15-07-2016 19:29:17,NA
3180,City,67,Cancelled,13-07-2016 09:23:48,NA
3238,City,67,Cancelled,13-07-2016 10:04:18,NA
4360,City,67,Cancelled,14-07-2016 07:30:30,NA
6717,City,67,Cancelled,15-07-2016 23:12:21,NA
3286,City,68,Cancelled,13-07-2016 11:10:46,NA
5805,City,68,Cancelled,15-07-2016 08:36:49,NA
5911,City,68,Cancelled,15-07-2016 09:53:55,NA
3161,City,69,Cancelled,13-07-2016 09:05:57,NA
3523,Airport,69,Cancelled,13-07-2016 17:47:46,NA
4278,City,69,Cancelled,14-07-2016 06:26:10,NA
5835,City,69,Cancelled,15-07-2016 08:53:49,NA
5502,City,70,Cancelled,15-07-2016 05:03:26,NA
5644,City,70,Cancelled,15-07-2016 06:50:34,NA
5736,City,70,Cancelled,15-07-2016 07:50:43,NA
3808,Airport,71,Cancelled,13-07-2016 20:58:40,NA
5831,City,71,Cancelled,15-07-2016 08:56:04,NA
5980,City,71,Cancelled,15-07-2016 11:39:58,NA
5886,City,73,Cancelled,15-07-2016 09:33:07,NA
6098,Airport,73,Cancelled,15-07-2016 14:40:08,NA
2844,Airport,74,Cancelled,13-07-2016 05:28:12,NA
2969,City,76,Cancelled,13-07-2016 06:52:10,NA
5584,City,76,Cancelled,15-07-2016 05:53:54,NA
3399,City,77,Cancelled,13-07-2016 15:05:30,NA
4298,City,77,Cancelled,14-07-2016 06:40:29,NA
4019,City,78,Cancelled,13-07-2016 00:00:24,NA
3197,City,78,Cancelled,13-07-2016 09:44:52,NA
4166,City,78,Cancelled,14-07-2016 05:10:41,NA
4238,City,78,Cancelled,14-07-2016 05:54:41,NA
5894,City,78,Cancelled,15-07-2016 09:46:14,NA
6647,City,78,Cancelled,15-07-2016 22:02:02,NA
2842,City,79,Cancelled,13-07-2016 05:17:08,NA
3147,City,80,Cancelled,13-07-2016 08:55:48,NA
4497,City,80,Cancelled,14-07-2016 08:59:45,NA
4770,City,80,Cancelled,14-07-2016 15:52:41,NA
5493,City,80,Cancelled,15-07-2016 05:01:35,NA
5540,City,80,Cancelled,15-07-2016 05:27:47,NA
4179,City,81,Cancelled,14-07-2016 05:27:26,NA
4561,City,81,Cancelled,14-07-2016 09:43:37,NA
5806,Airport,81,Cancelled,15-07-2016 08:46:33,NA
3235,City,82,Cancelled,13-07-2016 10:01:02,NA
5604,City,82,Cancelled,15-07-2016 06:08:30,NA
3188,City,83,Cancelled,13-07-2016 09:34:22,NA
5655,City,83,Cancelled,15-07-2016 06:59:47,NA
5903,City,83,Cancelled,15-07-2016 09:58:03,NA
6209,Airport,83,Cancelled,15-07-2016 17:32:54,NA
2750,City,84,Cancelled,13-07-2016 03:24:24,NA
2884,City,84,Cancelled,13-07-2016 05:54:44,NA
3191,City,84,Cancelled,13-07-2016 09:32:18,NA
3193,City,84,Cancelled,13-07-2016 09:33:21,NA
3524,City,84,Cancelled,13-07-2016 17:51:15,NA
4294,City,84,Cancelled,14-07-2016 06:40:54,NA
4484,City,84,Cancelled,14-07-2016 08:55:30,NA
3351,Airport,85,Cancelled,13-07-2016 13:20:21,NA
4195,City,85,Cancelled,14-07-2016 05:28:28,NA
5685,City,85,Cancelled,15-07-2016 07:17:02,NA
2889,City,86,Cancelled,13-07-2016 05:55:36,NA
4301,City,86,Cancelled,14-07-2016 06:46:41,NA
5935,City,87,Cancelled,15-07-2016 10:13:46,NA
4510,City,88,Cancelled,14-07-2016 09:07:46,NA
5569,City,89,Cancelled,15-07-2016 05:41:45,NA
5671,City,89,Cancelled,15-07-2016 07:05:11,NA
6374,City,89,Cancelled,15-07-2016 19:10:02,NA
4464,City,90,Cancelled,14-07-2016 08:42:46,NA
5609,City,90,Cancelled,15-07-2016 06:15:40,NA
5848,City,90,Cancelled,15-07-2016 09:04:50,NA
2828,City,92,Cancelled,13-07-2016 05:20:11,NA
2993,City,92,Cancelled,13-07-2016 07:05:55,NA
3018,Airport,92,Cancelled,13-07-2016 07:27:44,NA
4155,City,92,Cancelled,14-07-2016 05:06:35,NA
3430,Airport,93,Cancelled,13-07-2016 16:01:54,NA
4167,City,93,Cancelled,14-07-2016 05:13:45,NA
5508,City,93,Cancelled,15-07-2016 05:04:48,NA
5729,City,93,Cancelled,15-07-2016 07:49:27,NA
3049,City,94,Cancelled,13-07-2016 07:43:49,NA
6323,Airport,94,Cancelled,15-07-2016 18:39:39,NA
6462,City,94,Cancelled,15-07-2016 20:11:36,NA
3242,City,95,Cancelled,13-07-2016 10:08:10,NA
4499,City,95,Cancelled,14-07-2016 09:01:54,NA
3182,City,96,Cancelled,13-07-2016 09:24:57,NA
4173,City,96,Cancelled,14-07-2016 05:08:03,NA
4189,City,96,Cancelled,14-07-2016 05:25:55,NA
6390,Airport,96,Cancelled,15-07-2016 19:19:26,NA
5678,City,97,Cancelled,15-07-2016 07:09:12,NA
5497,City,98,Cancelled,15-07-2016 05:00:30,NA
5668,City,98,Cancelled,15-07-2016 07:06:58,NA
3152,City,99,Cancelled,13-07-2016 08:57:47,NA
5853,City,99,Cancelled,15-07-2016 09:10:12,NA
2933,City,100,Cancelled,13-07-2016 06:26:18,NA
5543,City,100,Cancelled,15-07-2016 05:30:53,NA
3023,City,101,Cancelled,13-07-2016 07:27:40,NA
4444,City,101,Cancelled,14-07-2016 08:28:21,NA
5614,City,102,Cancelled,15-07-2016 06:14:39,NA
5718,City,102,Cancelled,15-07-2016 07:39:12,NA
3033,City,103,Cancelled,13-07-2016 07:35:16,NA
3099,City,103,Cancelled,13-07-2016 08:22:13,NA
4302,City,103,Cancelled,14-07-2016 06:48:59,NA
4829,City,103,Cancelled,14-07-2016 17:25:49,NA
5854,Airport,103,Cancelled,15-07-2016 09:09:32,NA
3292,Airport,104,Cancelled,13-07-2016 11:18:55,NA
5154,Airport,104,Cancelled,14-07-2016 20:19:26,NA
5627,City,104,Cancelled,15-07-2016 06:34:09,NA
5751,City,104,Cancelled,15-07-2016 08:03:01,NA
2890,City,105,Cancelled,13-07-2016 05:55:20,NA
4245,City,105,Cancelled,14-07-2016 05:58:24,NA
4423,City,105,Cancelled,14-07-2016 08:18:46,NA
3034,City,106,Cancelled,13-07-2016 07:39:44,NA
6669,City,106,Cancelled,15-07-2016 22:12:00,NA
5709,City,107,Cancelled,15-07-2016 07:44:55,NA
6300,Airport,107,Cancelled,15-07-2016 18:20:30,NA
3030,City,108,Cancelled,13-07-2016 07:32:06,NA
3671,Airport,108,Cancelled,13-07-2016 19:28:05,NA
4186,City,108,Cancelled,14-07-2016 05:24:34,NA
4281,City,108,Cancelled,14-07-2016 06:23:20,NA
3113,City,109,Cancelled,13-07-2016 08:36:12,NA
4885,City,109,Cancelled,14-07-2016 17:56:19,NA
2792,City,110,Cancelled,13-07-2016 04:58:06,NA
4890,City,112,Cancelled,14-07-2016 17:55:51,NA
2780,City,113,Cancelled,13-07-2016 04:43:32,NA
4863,Airport,113,Cancelled,14-07-2016 17:40:14,NA
5782,City,113,Cancelled,15-07-2016 08:35:31,NA
3043,City,114,Cancelled,13-07-2016 07:42:32,NA
3818,Airport,114,Cancelled,13-07-2016 21:06:59,NA
4187,City,114,Cancelled,14-07-2016 05:27:38,NA
4381,City,114,Cancelled,14-07-2016 07:45:41,NA
4530,City,114,Cancelled,14-07-2016 09:33:37,NA
4774,Airport,114,Cancelled,14-07-2016 15:59:04,NA
5423,City,114,Cancelled,15-07-2016 02:11:10,NA
4011,City,115,Cancelled,13-07-2016 23:45:26,NA
4556,City,115,Cancelled,14-07-2016 09:40:49,NA
3019,City,117,Cancelled,13-07-2016 07:25:48,NA
5469,City,117,Cancelled,15-07-2016 04:42:55,NA
5731,City,117,Cancelled,15-07-2016 07:47:32,NA
5839,City,117,Cancelled,15-07-2016 08:57:28,NA
3146,City,118,Cancelled,13-07-2016 08:56:49,NA
2973,City,119,Cancelled,13-07-2016 06:57:56,NA
5691,City,119,Cancelled,15-07-2016 07:26:32,NA
5748,City,119,Cancelled,15-07-2016 07:57:58,NA
4374,City,120,Cancelled,14-07-2016 07:35:39,NA
4461,City,120,Cancelled,14-07-2016 08:36:56,NA
4731,City,120,Cancelled,14-07-2016 14:09:23,NA
5798,City,120,Cancelled,15-07-2016 08:40:38,NA
3849,City,121,Cancelled,13-07-2016 21:36:47,NA
5763,City,121,Cancelled,15-07-2016 08:20:33,NA
5815,City,121,Cancelled,15-07-2016 08:47:14,NA
5826,City,121,Cancelled,15-07-2016 08:50:52,NA
3782,City,122,Cancelled,13-07-2016 20:45:49,NA
4630,City,122,Cancelled,14-07-2016 11:17:20,NA
4487,City,124,Cancelled,14-07-2016 08:53:59,NA
5551,City,124,Cancelled,15-07-2016 05:30:17,NA
2927,City,125,Cancelled,13-07-2016 06:19:51,NA
3176,City,125,Cancelled,13-07-2016 09:10:16,NA
3253,City,125,Cancelled,13-07-2016 10:19:32,NA
6759,City,125,Cancelled,15-07-2016 23:59:29,NA
3159,City,126,Cancelled,13-07-2016 09:11:22,NA
3208,City,126,Cancelled,13-07-2016 09:45:21,NA
2803,City,127,Cancelled,13-07-2016 04:58:21,NA
3232,Airport,127,Cancelled,13-07-2016 10:02:13,NA
4271,City,127,Cancelled,14-07-2016 06:13:47,NA
5591,City,127,Cancelled,15-07-2016 05:58:18,NA
2910,City,128,Cancelled,13-07-2016 06:12:30,NA
2923,City,129,Cancelled,13-07-2016 06:23:23,NA
4396,City,129,Cancelled,14-07-2016 07:55:58,NA
5639,City,129,Cancelled,15-07-2016 06:44:03,NA
6348,Airport,129,Cancelled,15-07-2016 18:50:59,NA
2897,City,130,Cancelled,13-07-2016 06:00:28,NA
6398,Airport,130,Cancelled,15-07-2016 19:23:51,NA
2801,City,131,Cancelled,13-07-2016 04:57:03,NA
2920,City,131,Cancelled,13-07-2016 06:22:21,NA
5849,City,131,Cancelled,15-07-2016 09:09:40,NA
3107,City,132,Cancelled,13-07-2016 08:28:37,NA
3359,Airport,132,Cancelled,13-07-2016 13:29:42,NA
4021,City,132,Cancelled,13-07-2016 23:56:13,NA
4163,Airport,132,Cancelled,14-07-2016 05:08:28,NA
4314,City,133,Cancelled,14-07-2016 06:51:11,NA
5116,City,133,Cancelled,14-07-2016 20:08:14,NA
5221,Airport,134,Cancelled,14-07-2016 21:01:34,NA
5643,City,134,Cancelled,15-07-2016 06:50:14,NA
2860,City,135,Cancelled,13-07-2016 05:41:43,NA
3206,City,135,Cancelled,13-07-2016 09:41:26,NA
5475,City,135,Cancelled,15-07-2016 04:49:57,NA
5710,City,135,Cancelled,15-07-2016 07:38:39,NA
3697,Airport,136,Cancelled,13-07-2016 19:49:17,NA
4928,Airport,136,Cancelled,14-07-2016 18:16:03,NA
5663,City,136,Cancelled,15-07-2016 07:02:11,NA
2985,City,137,Cancelled,13-07-2016 07:05:11,NA
3248,City,137,Cancelled,13-07-2016 10:17:21,NA
3794,City,137,Cancelled,13-07-2016 20:54:30,NA
4834,Airport,137,Cancelled,14-07-2016 17:29:15,NA
5517,City,137,Cancelled,15-07-2016 05:11:09,NA
3020,City,138,Cancelled,13-07-2016 07:30:26,NA
3169,Airport,138,Cancelled,13-07-2016 09:13:18,NA
3495,Airport,138,Cancelled,13-07-2016 17:32:32,NA
4365,City,138,Cancelled,14-07-2016 07:28:41,NA
4562,City,138,Cancelled,14-07-2016 09:48:08,NA
2848,City,139,Cancelled,13-07-2016 05:36:09,NA
4327,City,139,Cancelled,14-07-2016 07:07:05,NA
4345,City,139,Cancelled,14-07-2016 07:22:16,NA
4802,City,139,Cancelled,14-07-2016 17:07:02,NA
3840,Airport,140,Cancelled,13-07-2016 21:33:48,NA
4183,City,140,Cancelled,14-07-2016 05:20:42,NA
4465,City,140,Cancelled,14-07-2016 08:39:54,NA
2811,City,141,Cancelled,13-07-2016 05:05:37,NA
3171,Airport,141,Cancelled,13-07-2016 09:17:54,NA
4557,City,141,Cancelled,14-07-2016 09:42:41,NA
5538,City,141,Cancelled,15-07-2016 05:28:23,NA
3053,City,142,Cancelled,13-07-2016 07:44:50,NA
3050,City,142,Cancelled,13-07-2016 07:48:06,NA
3110,City,142,Cancelled,13-07-2016 08:34:25,NA
5524,City,142,Cancelled,15-07-2016 05:13:29,NA
5714,City,142,Cancelled,15-07-2016 07:33:51,NA
5783,City,142,Cancelled,15-07-2016 08:30:14,NA
5251,Airport,143,Cancelled,14-07-2016 21:17:51,NA
4231,City,144,Cancelled,14-07-2016 05:56:33,NA
4427,City,144,Cancelled,14-07-2016 08:22:53,NA
5640,City,144,Cancelled,15-07-2016 06:42:26,NA
5581,City,145,Cancelled,15-07-2016 05:53:49,NA
6288,City,145,Cancelled,15-07-2016 18:17:50,NA
2795,City,147,Cancelled,13-07-2016 04:55:29,NA
4184,City,147,Cancelled,14-07-2016 05:19:07,NA
4563,City,147,Cancelled,14-07-2016 09:46:31,NA
2777,City,148,Cancelled,13-07-2016 04:43:35,NA
2891,City,148,Cancelled,13-07-2016 05:52:52,NA
6377,City,148,Cancelled,15-07-2016 19:14:38,NA
4192,City,149,Cancelled,14-07-2016 05:25:52,NA
4455,City,149,Cancelled,14-07-2016 08:33:35,NA
4527,City,149,Cancelled,14-07-2016 09:27:26,NA
4575,City,149,Cancelled,14-07-2016 09:54:33,NA
3061,City,150,Cancelled,13-07-2016 07:53:01,NA
4431,City,150,Cancelled,14-07-2016 08:23:45,NA
3040,City,151,Cancelled,13-07-2016 07:41:31,NA
4366,City,152,Cancelled,14-07-2016 07:29:14,NA
4594,City,152,Cancelled,14-07-2016 10:07:14,NA
4822,Airport,153,Cancelled,14-07-2016 17:20:42,NA
5290,Airport,153,Cancelled,14-07-2016 21:50:06,NA
2840,City,154,Cancelled,13-07-2016 05:26:10,NA
5642,City,154,Cancelled,15-07-2016 06:51:43,NA
5788,City,154,Cancelled,15-07-2016 08:32:01,NA
5792,City,154,Cancelled,15-07-2016 08:38:12,NA
5860,City,155,Cancelled,15-07-2016 09:13:49,NA
4287,City,157,Cancelled,14-07-2016 06:33:14,NA
4308,City,157,Cancelled,14-07-2016 06:48:59,NA
5577,City,157,Cancelled,15-07-2016 05:55:28,NA
5760,City,157,Cancelled,15-07-2016 08:14:30,NA
5855,City,157,Cancelled,15-07-2016 09:06:46,NA
3564,Airport,158,Cancelled,13-07-2016 18:18:27,NA
2781,City,160,Cancelled,13-07-2016 04:42:20,NA
4201,City,162,Cancelled,14-07-2016 05:32:02,NA
5926,City,163,Cancelled,15-07-2016 10:05:36,NA
3213,City,164,Cancelled,13-07-2016 09:44:32,NA
3841,Airport,164,Cancelled,13-07-2016 21:33:23,NA
4168,City,164,Cancelled,14-07-2016 05:05:31,NA
4657,Airport,164,Cancelled,14-07-2016 12:00:32,NA
5272,City,164,Cancelled,14-07-2016 21:30:10,NA
5765,City,164,Cancelled,15-07-2016 08:18:13,NA
2885,City,165,Cancelled,13-07-2016 05:54:55,NA
4386,City,165,Cancelled,14-07-2016 07:48:25,NA
2834,City,166,Cancelled,13-07-2016 05:22:30,NA
2862,City,166,Cancelled,13-07-2016 05:41:33,NA
3054,City,166,Cancelled,13-07-2016 07:48:31,NA
3405,Airport,166,Cancelled,13-07-2016 15:13:47,NA
4153,City,166,Cancelled,14-07-2016 04:59:16,NA
5424,City,166,Cancelled,15-07-2016 02:13:08,NA
6561,Airport,166,Cancelled,15-07-2016 21:08:41,NA
3183,City,167,Cancelled,13-07-2016 09:20:52,NA
3024,City,169,Cancelled,13-07-2016 07:32:06,NA
3457,Airport,170,Cancelled,13-07-2016 17:00:06,NA
4567,City,170,Cancelled,14-07-2016 09:46:31,NA
4696,Airport,170,Cancelled,14-07-2016 13:05:58,NA
4695,City,170,Cancelled,14-07-2016 13:10:50,NA
3118,City,171,Cancelled,13-07-2016 08:38:14,NA
3329,Airport,171,Cancelled,13-07-2016 12:24:55,NA
4403,City,171,Cancelled,14-07-2016 08:01:10,NA
4406,City,171,Cancelled,14-07-2016 08:02:38,NA
3084,City,172,Cancelled,13-07-2016 08:12:16,NA
3890,Airport,172,Cancelled,13-07-2016 22:01:58,NA
4410,City,172,Cancelled,14-07-2016 08:06:48,NA
3355,Airport,173,Cancelled,13-07-2016 13:26:29,NA
4399,City,175,Cancelled,14-07-2016 08:02:44,NA
5598,City,175,Cancelled,15-07-2016 06:13:51,NA
4529,City,176,Cancelled,14-07-2016 09:30:05,NA
4536,City,176,Cancelled,14-07-2016 09:39:29,NA
3189,City,177,Cancelled,13-07-2016 09:32:49,NA
4128,City,177,Cancelled,14-07-2016 04:42:38,NA
4197,City,177,Cancelled,14-07-2016 05:27:13,NA
4524,City,177,Cancelled,14-07-2016 09:26:12,NA
5871,City,177,Cancelled,15-07-2016 09:23:40,NA
5912,City,177,Cancelled,15-07-2016 10:00:48,NA
2886,City,178,Cancelled,13-07-2016 06:01:35,NA
5225,City,178,Cancelled,14-07-2016 21:06:59,NA
6505,City,178,Cancelled,15-07-2016 20:35:06,NA
2785,City,179,Cancelled,13-07-2016 04:50:41,NA
2806,City,179,Cancelled,13-07-2016 05:00:10,NA
4459,City,179,Cancelled,14-07-2016 08:37:33,NA
5653,City,179,Cancelled,15-07-2016 06:58:27,NA
3745,Airport,180,Cancelled,13-07-2016 20:27:16,NA
4796,Airport,180,Cancelled,14-07-2016 16:54:50,NA
3013,City,181,Cancelled,13-07-2016 07:31:04,NA
3126,City,181,Cancelled,13-07-2016 08:43:17,NA
4235,City,181,Cancelled,14-07-2016 05:51:55,NA
4134,City,182,Cancelled,14-07-2016 04:45:23,NA
4478,City,183,Cancelled,14-07-2016 08:44:58,NA
5248,City,183,Cancelled,14-07-2016 21:18:23,NA
6032,Airport,183,Cancelled,15-07-2016 13:00:41,NA
4206,City,184,Cancelled,14-07-2016 05:34:56,NA
4387,City,184,Cancelled,14-07-2016 07:54:18,NA
3661,Airport,185,Cancelled,13-07-2016 19:28:43,NA
3788,Airport,186,Cancelled,13-07-2016 20:50:21,NA
3101,City,187,Cancelled,13-07-2016 08:28:00,NA
5706,City,187,Cancelled,15-07-2016 07:38:04,NA
5772,City,188,Cancelled,15-07-2016 08:22:59,NA
3119,City,189,Cancelled,13-07-2016 08:35:33,NA
3228,City,189,Cancelled,13-07-2016 09:58:28,NA
4323,City,190,Cancelled,14-07-2016 07:00:12,NA
4346,City,190,Cancelled,14-07-2016 07:21:06,NA
5785,City,190,Cancelled,15-07-2016 08:32:49,NA
6400,City,190,Cancelled,15-07-2016 19:18:51,NA
5913,City,191,Cancelled,15-07-2016 09:58:51,NA
2902,City,192,Cancelled,13-07-2016 05:59:39,NA
4239,City,192,Cancelled,14-07-2016 05:56:04,NA
3249,City,193,Cancelled,13-07-2016 10:13:59,NA
4226,City,193,Cancelled,14-07-2016 05:46:51,NA
5867,City,193,Cancelled,15-07-2016 09:19:33,NA
4145,City,194,Cancelled,14-07-2016 04:56:49,NA
5489,City,194,Cancelled,15-07-2016 04:52:39,NA
5651,City,194,Cancelled,15-07-2016 07:00:08,NA
3062,City,195,Cancelled,13-07-2016 07:50:36,NA
5635,City,195,Cancelled,15-07-2016 06:43:04,NA
5828,City,195,Cancelled,15-07-2016 09:00:06,NA
2823,City,196,Cancelled,13-07-2016 05:15:44,NA
4558,City,196,Cancelled,14-07-2016 09:51:06,NA
5494,City,196,Cancelled,15-07-2016 04:56:11,NA
5501,City,196,Cancelled,15-07-2016 05:07:36,NA
2944,City,197,Cancelled,13-07-2016 06:33:43,NA
4413,City,197,Cancelled,14-07-2016 08:07:44,NA
4420,City,197,Cancelled,14-07-2016 08:13:50,NA
5486,City,197,Cancelled,15-07-2016 04:51:17,NA
6010,City,197,Cancelled,15-07-2016 12:25:21,NA
2802,City,198,Cancelled,13-07-2016 04:51:42,NA
4445,City,198,Cancelled,14-07-2016 08:36:44,NA
3177,City,199,Cancelled,13-07-2016 09:13:12,NA
5587,City,199,Cancelled,15-07-2016 05:58:50,NA
5628,City,199,Cancelled,15-07-2016 06:34:40,NA
6173,City,199,Cancelled,15-07-2016 16:45:26,NA
5733,City,200,Cancelled,15-07-2016 07:51:13,NA
5522,City,201,Cancelled,15-07-2016 05:21:37,NA
5895,City,201,Cancelled,15-07-2016 09:49:21,NA
2971,City,202,Cancelled,13-07-2016 06:53:00,NA
4331,City,202,Cancelled,14-07-2016 07:10:46,NA
5679,City,203,Cancelled,15-07-2016 07:09:12,NA
5750,City,203,Cancelled,15-07-2016 08:03:18,NA
5856,City,203,Cancelled,15-07-2016 09:08:43,NA
6033,Airport,203,Cancelled,15-07-2016 12:55:58,NA
3144,City,204,Cancelled,13-07-2016 08:55:43,NA
3404,Airport,204,Cancelled,13-07-2016 15:18:33,NA
4185,City,204,Cancelled,14-07-2016 05:16:42,NA
5918,City,204,Cancelled,15-07-2016 10:01:19,NA
2872,City,205,Cancelled,13-07-2016 05:41:43,NA
3498,City,205,Cancelled,13-07-2016 17:36:54,NA
5646,City,205,Cancelled,15-07-2016 06:52:54,NA
5656,City,205,Cancelled,15-07-2016 06:54:05,NA
4581,City,206,Cancelled,14-07-2016 10:04:38,NA
5626,City,206,Cancelled,15-07-2016 06:33:43,NA
4255,City,207,Cancelled,14-07-2016 06:08:00,NA
5794,City,207,Cancelled,15-07-2016 08:38:36,NA
6103,Airport,208,Cancelled,15-07-2016 14:52:59,NA
4304,City,209,Cancelled,14-07-2016 06:50:42,NA
3005,City,210,Cancelled,13-07-2016 07:15:35,NA
3131,City,210,Cancelled,13-07-2016 08:40:50,NA
3883,Airport,210,Cancelled,13-07-2016 21:56:05,NA
6131,Airport,210,Cancelled,15-07-2016 15:38:23,NA
6302,Airport,210,Cancelled,15-07-2016 18:29:19,NA
6538,Airport,210,Cancelled,15-07-2016 20:54:55,NA
4154,City,211,Cancelled,14-07-2016 05:07:00,NA
4311,City,212,Cancelled,14-07-2016 06:52:50,NA
4404,City,212,Cancelled,14-07-2016 07:55:00,NA
5675,City,212,Cancelled,15-07-2016 07:08:58,NA
3111,City,213,Cancelled,13-07-2016 08:31:41,NA
4160,City,213,Cancelled,14-07-2016 05:05:12,NA
2846,City,214,Cancelled,13-07-2016 05:24:17,NA
3163,City,214,Cancelled,13-07-2016 09:04:03,NA
3446,City,214,Cancelled,13-07-2016 16:39:36,NA
4543,City,214,Cancelled,14-07-2016 09:36:37,NA
4800,Airport,214,Cancelled,14-07-2016 16:59:22,NA
6050,City,215,Cancelled,15-07-2016 13:35:03,NA
3137,City,216,Cancelled,13-07-2016 08:52:30,NA
4532,City,216,Cancelled,14-07-2016 09:35:38,NA
5914,City,216,Cancelled,15-07-2016 09:58:37,NA
5618,City,217,Cancelled,15-07-2016 06:25:41,NA
5688,City,217,Cancelled,15-07-2016 07:24:11,NA
6419,City,217,Cancelled,15-07-2016 19:47:39,NA
4415,City,218,Cancelled,14-07-2016 08:11:36,NA
4544,City,218,Cancelled,14-07-2016 09:33:28,NA
3173,City,219,Cancelled,13-07-2016 09:12:19,NA
6262,Airport,219,Cancelled,15-07-2016 18:05:37,NA
5816,City,220,Cancelled,15-07-2016 08:44:58,NA
3260,City,221,Cancelled,13-07-2016 10:13:25,NA
4008,City,221,Cancelled,13-07-2016 23:43:03,NA
4574,City,221,Cancelled,14-07-2016 09:53:19,NA
4570,City,222,Cancelled,14-07-2016 09:51:07,NA
5529,City,222,Cancelled,15-07-2016 05:24:02,NA
3185,City,223,Cancelled,13-07-2016 09:24:46,NA
3421,City,223,Cancelled,13-07-2016 15:42:36,NA
3974,City,224,Cancelled,13-07-2016 23:04:14,NA
4349,City,224,Cancelled,14-07-2016 07:18:19,NA
4442,City,224,Cancelled,14-07-2016 08:33:10,NA
5327,Airport,224,Cancelled,14-07-2016 22:12:35,NA
2929,City,225,Cancelled,13-07-2016 06:28:41,NA
3186,City,225,Cancelled,13-07-2016 09:28:29,NA
4211,City,225,Cancelled,14-07-2016 05:37:33,NA
5273,Airport,225,Cancelled,14-07-2016 21:29:36,NA
6445,City,225,Cancelled,15-07-2016 20:01:14,NA
2813,City,226,Cancelled,13-07-2016 05:06:08,NA
3057,City,226,Cancelled,13-07-2016 07:50:41,NA
4641,City,226,Cancelled,14-07-2016 11:39:07,NA
5884,City,226,Cancelled,15-07-2016 09:36:17,NA
4092,City,227,Cancelled,14-07-2016 02:55:40,NA
4222,City,227,Cancelled,14-07-2016 05:44:07,NA
3194,City,228,Cancelled,13-07-2016 09:35:28,NA
3541,Airport,228,Cancelled,13-07-2016 17:57:13,NA
4129,City,229,Cancelled,14-07-2016 04:42:23,NA
4380,City,229,Cancelled,14-07-2016 07:47:21,NA
4434,City,229,Cancelled,14-07-2016 08:27:11,NA
5735,City,229,Cancelled,15-07-2016 07:47:23,NA
6434,Airport,229,Cancelled,15-07-2016 19:49:25,NA
2771,City,230,Cancelled,13-07-2016 04:24:36,NA
2873,City,230,Cancelled,13-07-2016 05:48:58,NA
3320,Airport,230,Cancelled,13-07-2016 12:21:11,NA
4571,City,230,Cancelled,14-07-2016 09:49:16,NA
4600,City,230,Cancelled,14-07-2016 10:08:30,NA
5341,City,230,Cancelled,14-07-2016 22:34:33,NA
2919,City,231,Cancelled,13-07-2016 06:19:03,NA
4712,City,231,Cancelled,14-07-2016 13:23:54,NA
2826,City,232,Cancelled,13-07-2016 05:13:35,NA
3090,City,232,Cancelled,13-07-2016 08:13:41,NA
4141,City,232,Cancelled,14-07-2016 04:46:40,NA
5817,City,232,Cancelled,15-07-2016 08:46:28,NA
3155,City,233,Cancelled,13-07-2016 09:02:43,NA
5821,City,233,Cancelled,15-07-2016 08:54:59,NA
3218,City,234,Cancelled,13-07-2016 09:49:59,NA
3287,City,234,Cancelled,13-07-2016 11:13:58,NA
5557,City,234,Cancelled,15-07-2016 05:39:51,NA
5874,City,234,Cancelled,15-07-2016 09:21:37,NA
2820,City,235,Cancelled,13-07-2016 05:14:00,NA
3083,City,235,Cancelled,13-07-2016 08:16:01,NA
2922,City,236,Cancelled,13-07-2016 06:25:47,NA
4379,City,236,Cancelled,14-07-2016 07:43:57,NA
2778,Airport,237,Cancelled,13-07-2016 04:45:54,NA
4161,City,237,Cancelled,14-07-2016 05:06:13,NA
5702,City,237,Cancelled,15-07-2016 07:37:04,NA
5808,City,237,Cancelled,15-07-2016 08:39:56,NA
4602,Airport,238,Cancelled,14-07-2016 10:13:25,NA
5650,City,238,Cancelled,15-07-2016 06:59:22,NA
3114,City,239,Cancelled,13-07-2016 08:38:20,NA
4392,City,240,Cancelled,14-07-2016 07:56:17,NA
5396,City,240,Cancelled,15-07-2016 00:54:12,NA
5767,City,240,Cancelled,15-07-2016 08:19:53,NA
5498,City,241,Cancelled,15-07-2016 04:56:28,NA
5755,City,241,Cancelled,15-07-2016 08:05:55,NA
5288,Airport,242,Cancelled,14-07-2016 21:42:19,NA
5266,Airport,243,Cancelled,14-07-2016 21:26:44,NA
5836,City,243,Cancelled,15-07-2016 09:02:31,NA
4655,City,244,Cancelled,14-07-2016 12:04:12,NA
5590,City,244,Cancelled,15-07-2016 06:02:31,NA
3123,City,245,Cancelled,13-07-2016 08:39:59,NA
3330,City,245,Cancelled,13-07-2016 12:25:07,NA
4376,City,245,Cancelled,14-07-2016 07:41:41,NA
4540,City,245,Cancelled,14-07-2016 09:38:51,NA
4248,City,246,Cancelled,14-07-2016 06:02:41,NA
4170,City,247,Cancelled,14-07-2016 05:09:42,NA
6057,Airport,247,Cancelled,15-07-2016 13:41:55,NA
5865,City,248,Cancelled,15-07-2016 09:18:48,NA
5981,City,248,Cancelled,15-07-2016 11:40:05,NA
3153,City,249,Cancelled,13-07-2016 09:03:21,NA
3196,City,249,Cancelled,13-07-2016 09:37:26,NA
3214,City,249,Cancelled,13-07-2016 09:46:56,NA
4171,City,249,Cancelled,14-07-2016 05:11:39,NA
5824,City,249,Cancelled,15-07-2016 08:50:27,NA
2958,City,250,Cancelled,13-07-2016 06:46:00,NA
3181,Airport,250,Cancelled,13-07-2016 09:19:04,NA
5833,City,250,Cancelled,15-07-2016 08:57:27,NA
5873,City,250,Cancelled,15-07-2016 09:20:40,NA
4439,City,251,Cancelled,14-07-2016 08:27:51,NA
5761,City,251,Cancelled,15-07-2016 08:18:14,NA
4137,City,254,Cancelled,14-07-2016 04:48:41,NA
5545,City,255,Cancelled,15-07-2016 05:27:12,NA
2782,City,256,Cancelled,13-07-2016 04:50:27,NA
4202,City,256,Cancelled,14-07-2016 05:37:41,NA
4253,City,256,Cancelled,14-07-2016 06:02:50,NA
4669,City,256,Cancelled,14-07-2016 12:34:18,NA
5694,City,256,Cancelled,15-07-2016 07:31:03,NA
5707,City,256,Cancelled,15-07-2016 07:32:56,NA
5795,City,256,Cancelled,15-07-2016 08:41:36,NA
4203,City,257,Cancelled,14-07-2016 05:36:28,NA
5928,City,257,Cancelled,15-07-2016 10:07:34,NA
4505,City,258,Cancelled,14-07-2016 09:09:33,NA
5876,City,258,Cancelled,15-07-2016 09:27:22,NA
3202,City,259,Cancelled,13-07-2016 09:41:02,NA
4232,City,259,Cancelled,14-07-2016 05:55:47,NA
6608,Airport,259,Cancelled,15-07-2016 21:46:57,NA
3001,City,260,Cancelled,13-07-2016 07:15:27,NA
3149,City,260,Cancelled,13-07-2016 08:55:18,NA
4496,City,260,Cancelled,14-07-2016 09:02:24,NA
4169,City,261,Cancelled,14-07-2016 05:12:56,NA
4512,City,261,Cancelled,14-07-2016 09:15:30,NA
2895,City,262,Cancelled,13-07-2016 06:02:04,NA
4330,City,262,Cancelled,14-07-2016 07:13:49,NA
4801,City,262,Cancelled,14-07-2016 16:59:11,NA
5787,City,262,Cancelled,15-07-2016 08:30:20,NA
3704,Airport,263,Cancelled,13-07-2016 19:47:50,NA
4755,City,264,Cancelled,14-07-2016 15:17:34,NA
5769,City,264,Cancelled,15-07-2016 08:21:38,NA
2988,City,265,Cancelled,13-07-2016 07:09:54,NA
4144,City,266,Cancelled,14-07-2016 04:50:45,NA
6541,Airport,266,Cancelled,15-07-2016 20:54:48,NA
2881,City,267,Cancelled,13-07-2016 05:58:31,NA
2964,City,267,Cancelled,13-07-2016 06:48:48,NA
4236,City,267,Cancelled,14-07-2016 05:53:18,NA
4447,City,267,Cancelled,14-07-2016 08:32:05,NA
4579,Airport,267,Cancelled,14-07-2016 10:04:05,NA
5720,City,267,Cancelled,15-07-2016 07:37:57,NA
5820,City,267,Cancelled,15-07-2016 08:50:10,NA
6487,Airport,267,Cancelled,15-07-2016 20:23:14,NA
4815,Airport,268,Cancelled,14-07-2016 17:18:23,NA
3026,City,269,Cancelled,13-07-2016 07:29:18,NA
3388,City,269,Cancelled,13-07-2016 14:36:39,NA
5809,City,269,Cancelled,15-07-2016 08:48:20,NA
6080,Airport,269,Cancelled,15-07-2016 14:17:28,NA
3032,City,270,Cancelled,13-07-2016 07:33:57,NA
3156,City,270,Cancelled,13-07-2016 09:00:40,NA
4741,City,270,Cancelled,14-07-2016 14:52:18,NA
5582,City,270,Cancelled,15-07-2016 05:52:11,NA
5677,City,270,Cancelled,15-07-2016 07:06:05,NA
5989,Airport,270,Cancelled,15-07-2016 11:46:11,NA
3063,City,271,Cancelled,13-07-2016 07:55:16,NA
3100,City,271,Cancelled,13-07-2016 08:18:13,NA
3148,City,271,Cancelled,13-07-2016 09:02:46,NA
2830,City,272,Cancelled,13-07-2016 05:19:51,NA
2938,City,272,Cancelled,13-07-2016 06:33:04,NA
3027,City,274,Cancelled,13-07-2016 07:26:36,NA
3017,Airport,274,Cancelled,13-07-2016 07:29:44,NA
4926,Airport,274,Cancelled,14-07-2016 18:20:41,NA
4207,City,275,Cancelled,14-07-2016 05:30:56,NA
4223,City,275,Cancelled,14-07-2016 05:46:02,NA
4452,City,275,Cancelled,14-07-2016 08:34:36,NA
5632,City,275,Cancelled,15-07-2016 06:35:32,NA
5879,City,275,Cancelled,15-07-2016 09:27:08,NA
2789,City,277,Cancelled,13-07-2016 04:50:46,NA
3552,Airport,277,Cancelled,13-07-2016 18:01:34,NA
4130,City,277,Cancelled,14-07-2016 04:41:54,NA
2950,City,279,Cancelled,13-07-2016 06:40:30,NA
5800,City,279,Cancelled,15-07-2016 08:44:20,NA
3437,City,280,Cancelled,13-07-2016 16:10:20,NA
3820,Airport,280,Cancelled,13-07-2016 21:07:32,NA
5076,City,280,Cancelled,14-07-2016 19:38:01,NA
5660,City,280,Cancelled,15-07-2016 07:02:00,NA
6242,Airport,280,Cancelled,15-07-2016 17:55:10,NA
6321,Airport,280,Cancelled,15-07-2016 18:37:53,NA
3086,City,281,Cancelled,13-07-2016 08:12:18,NA
4538,City,281,Cancelled,14-07-2016 09:38:03,NA
3233,City,282,Cancelled,13-07-2016 10:01:44,NA
3237,City,282,Cancelled,13-07-2016 10:06:32,NA
3577,Airport,282,Cancelled,13-07-2016 18:24:15,NA
5631,City,283,Cancelled,15-07-2016 06:36:14,NA
3250,City,284,Cancelled,13-07-2016 10:09:28,NA
3983,City,284,Cancelled,13-07-2016 23:19:23,NA
2948,City,285,Cancelled,13-07-2016 06:39:27,NA
2982,City,285,Cancelled,13-07-2016 07:04:21,NA
3055,City,285,Cancelled,13-07-2016 07:48:58,NA
3759,City,285,Cancelled,13-07-2016 20:34:32,NA
4389,City,285,Cancelled,14-07-2016 07:56:57,NA
5949,City,285,Cancelled,15-07-2016 10:30:58,NA
3198,City,286,Cancelled,13-07-2016 09:39:19,NA
4507,City,286,Cancelled,14-07-2016 09:09:57,NA
6058,City,286,Cancelled,15-07-2016 13:47:11,NA
3451,Airport,287,Cancelled,13-07-2016 16:53:56,NA
3839,Airport,287,Cancelled,13-07-2016 21:28:41,NA
4258,City,287,Cancelled,14-07-2016 06:12:03,NA
4677,Airport,287,Cancelled,14-07-2016 12:45:00,NA
5603,City,287,Cancelled,15-07-2016 06:08:31,NA
4354,City,288,Cancelled,14-07-2016 07:26:35,NA
5499,City,289,Cancelled,15-07-2016 05:07:17,NA
4213,City,290,Cancelled,14-07-2016 05:39:02,NA
5801,City,290,Cancelled,15-07-2016 08:40:03,NA
3216,City,291,Cancelled,13-07-2016 09:50:23,NA
4435,City,292,Cancelled,14-07-2016 08:25:24,NA
5623,City,292,Cancelled,15-07-2016 06:27:46,NA
2837,City,293,Cancelled,13-07-2016 05:19:53,NA
5812,City,293,Cancelled,15-07-2016 08:44:40,NA
4489,City,294,Cancelled,14-07-2016 08:53:51,NA
2875,City,295,Cancelled,13-07-2016 05:54:23,NA
3104,City,295,Cancelled,13-07-2016 08:25:16,NA
3909,City,295,Cancelled,13-07-2016 22:13:42,NA
4338,City,295,Cancelled,14-07-2016 07:20:59,NA
4479,City,295,Cancelled,14-07-2016 08:41:51,NA
3187,City,296,Cancelled,13-07-2016 09:31:32,NA
4251,City,296,Cancelled,14-07-2016 05:55:36,NA
5514,City,296,Cancelled,15-07-2016 05:08:25,NA
5690,City,296,Cancelled,15-07-2016 07:20:54,NA
5515,City,297,Cancelled,15-07-2016 05:13:03,NA
5535,City,297,Cancelled,15-07-2016 05:19:48,NA
2966,City,298,Cancelled,13-07-2016 06:54:13,NA
3120,City,298,Cancelled,13-07-2016 08:32:08,NA
4552,City,298,Cancelled,14-07-2016 09:40:33,NA
4158,City,299,Cancelled,14-07-2016 05:03:10,NA
4164,City,299,Cancelled,14-07-2016 05:06:40,NA
4448,City,299,Cancelled,14-07-2016 08:30:59,NA
4225,City,300,Cancelled,14-07-2016 05:46:06,NA
